Totvolumen,dTotvolumen
-8.644221063465045,27.127593923091062
