Totvolumen,dTotvolumen
19.99999999860597,0.753473910285254
