position;dPos;Intensity;dInt
1.12885;0.019383212789622916;0.4404578431372549;0.044436532297468835
2.79125;0.047054214083211685;0.9990196078431373;0.09990757997627932
4.37865;0.07365347358746532;0.999606862745098;0.0999620469693579
5.94105;0.09986637766694303;1.0;0.1
7.5472;0.12682414797253413;0.9994774509803922;0.09994797536035045
9.134625;0.15347752964494302;0.9921892156862745;0.09921900596481649
10.747025;0.18055115718391296;0.41097941176470587;0.04197836630010829
