position;dPos;Intensity;dInt
1.5438325;0.02132739002879043;0.03032647058823529;0.002291327279052659
1.9826899999999998;0.02714759703072825;0.059084313725490195;0.005772905999192215
2.49817;0.0340319077514546;0.1268637254901961;0.007609819499371881
3.00669;0.04084867300953198;0.248528431372549;0.10496217115135022
3.6614899999999997;0.0496466547117903;1.0;2.51188643150958
4.43471;0.06005243188156182;0.3824843137254902;0.11362035158025416
4.83874;0.065494236946097;0.1533;0.04363357189932515
5.30546;0.07178305095237512;0.0710127450980392;0.0025123220619111767
5.7443124999999995;0.07769881523073889;0.04562058823529412;0.0024057036331444075
