position;dPos;Intensity;dInt
1.7458475;0.024000779986930017;0.0078098039215686275;0.0027485861755405586
2.233465;0.030493920520161418;0.011242156862745097;0.0013456079882355537
2.67232;0.03636428728392466;0.020457843137254902;0.002677614414183727
3.1320749999999995;0.042533039064172475;0.0554578431372549;0.0060921421550043245
4.2326999999999995;0.057332595812637346;0.05294117647058824;0.005467049245340706
4.65762;0.063054465704803;0.02261470588235294;0.0023313180365719683
5.1243425;0.06934279558108816;0.013922549019607844;0.0015548335533337137
5.570164999999999;0.07535143827968831;0.010358823529411766;0.0013646489123034847
