Totvolumen,dTotvolumen
8.669413630785453,6.66764681084847
