Frequenz,df,Z_LRC,dZ_LRC
"0      209.20
1      317.57
2      388.17
3      431.22
4      513.05
5      565.43
6      668.53
7      623.49
8      623.49
9      724.26
10     809.02
11     878.64
12     950.81
13    1070.50
14    1130.50
15    1242.10
16    1311.10
17    1412.10
18    1519.80
19     776.09
20     600.37
21     400.60
22     263.20
23     999.31
24     684.42
Name: Frequenz, dtype: float64","0     0.05
1     0.05
2     0.05
3     0.05
4     0.05
5     0.05
6     0.05
7     0.05
8     0.05
9     0.05
10    0.05
11    0.05
12    0.05
13    0.10
14    0.10
15    0.10
16    0.10
17    0.10
18    0.10
19    0.05
20    0.05
21    0.05
22    0.05
23    0.05
24    0.05
Name: df, dtype: float64","0     6.714435
1     3.676952
2     2.573867
3     2.196757
4     1.296276
5     0.875323
6     0.310444
7     0.519289
8     0.277091
9     0.349250
10    0.769697
11    1.060174
12    1.406769
13    2.032000
14    2.286000
15    2.612571
16    3.048000
17    3.325091
18    3.657600
19    0.619932
20    0.664308
21    2.438400
22    4.572000
23    1.662545
24    0.260513
Name: Z_RLC, dtype: float64","0     0.366328
1     0.149501
2     0.095060
3     0.076140
4     0.048872
5     0.038214
6     0.015989
7     0.027370
8     0.014741
9     0.018161
10    0.041535
11    0.067220
12    0.072344
13    0.132497
14    0.162798
15    0.206829
16    0.274485
17    0.322890
18    0.386484
19    0.023628
20    0.026809
21    0.182632
22    0.592428
23    0.094509
24    0.014406
Name: dZ_RLC, dtype: float64"
