Grundfrequenz feste/s Spannung/Gewicht;;;
;1kg, 3.Kerbe;;
Laenge;dL;Grundfrequenz;df
0.65;0.006;72.19;0.00012
0.6;0.006;78.48;0.00012
0.55;0.006;85.12;0.00012
0.5;0.006;94.08;0.00012
0.45;0.006;104.45;0.00012
0.4;0.006;118;0.00012
0.35;0.006;135.3;0.00012
0.3;0.006;157.1;0.00012
0.25;0.006;189.5;0.00012
