Grundfrequenz feste/s Spannung/Gewicht;;;
;1kg, 3.Kerbe;;
Laenge;dL;Grundfrequenz;df
0.65;0.006;0.01;0.00012
0.6;0.006;0.01111;0.00012
0.55;0.006;0.0123;0.00012
0.5;0.006;0.014;0.00012
0.4;0.006;0.017;0.00012
0.35;0.006;0.02;0.00012
0.3;0.006;0.025;0.00012
0.25;0.006;0.03333;0.00012
0.2;0.006;0.045;0.00012
