Grundfrequenz feste Laenge;;;;
;;;;
60cm Laenge;;;;
Kerbe;Masse;dM;Grundfrequenz;df
3;1;0.000005;78.48;0.0
3;0.5;0.000005;55.5;0.0
3;0.25;0.000005;39.63;0.0
2;1;0.000005;63.76;0.0
2;0.5;0.000005;45.38;0.0
2;0.25;0.000005;32.27;0.0
1;1;0.000005;44.84;0.0
1;0.5;0.000005;33.13;0.0
1;0.25;0.000005;17.35;0.0