mu;dMu
0.000828556259059;1.5785860297645775e-06
0.0008146078635093;1.7088017127109212e-06
0.0007846848013159;2.09149394125679e-06
0.0008863069318781817;6.280949959059692e-06
