mu;deltaMu
0.0008286292548210947;1.6773733155789478e-06
0.0008148012129795954;1.861875773974643e-06
0.0007850089075799623;2.366358890727647e-06
