mu;deltaMu
0.000829056191283212;1.3988439118717765e-06
0.0008159870512974148;1.3869499689060157e-06
0.0008058688958087634;1.385385271783515e-06
