mu;deltaMu
0.000828556259059048;1.5785860297645775e-06
0.0008146078635093853;1.7088017127109212e-06
0.0007846848013159693;2.09149394125679e-06
