mu;dMu
0.0008290561912832;1.3988439118717765e-06
0.0008159870512974;1.3869499689060157e-06
0.0008058688958087;1.385385271783515e-06
0.0008627801270280257;6.117401367136399e-06
