Frequenz,df,Z_LR2,dZ_LR2
"0    1
1    2
2    3
3    4
4    5
5    6
Name: Frequenz, dtype: int64","0    0.01
1    0.01
2    0.01
3    0.01
4    0.01
5    0.01
Name: df, dtype: float64","0    25.000000
1     9.000000
2     5.444444
3     4.000000
4     5.062500
5     6.250000
Name: Z_RL2, dtype: float64","0    0.734847
1    0.210000
2    0.118921
3    0.084853
4    0.106764
5    0.131250
Name: dZ_RL2, dtype: float64"
