Frequenz,df,Z_LRC,dZ_LRC
"0    10
1    11
2    12
3    13
4    14
5    15
Name: Frequenz, dtype: int64","0    0.01
1    0.01
2    0.01
3    0.01
4    0.01
5    0.01
Name: df, dtype: float64","0    5.000000
1    3.000000
2    2.333333
3    2.000000
4    2.250000
5    2.500000
Name: Z_RLC, dtype: float64","0    0.073485
1    0.035000
2    0.025483
3    0.021213
4    0.023725
5    0.026250
Name: dZ_RLC, dtype: float64"
